{
  "train_loss": {
    "0": 1.1221511363983154,
    "1": 1.083731770515442,
    "2": 1.0537885427474976,
    "3": 1.0105637311935425,
    "4": 0.9327803254127502,
    "5": 0.7972623109817505,
    "6": 0.6419278383255005,
    "7": 0.5326709747314453,
    "8": 0.4068743586540222,
    "9": 0.2954096496105194,
    "10": 0.2703859508037567,
    "11": 0.20200885832309723,
    "12": 0.1571885198354721,
    "13": 0.12853598594665527,
    "14": 0.11558715999126434,
    "15": 0.12124979496002197,
    "16": 0.07871776819229126,
    "17": 0.08453375101089478,
    "18": 0.0861629918217659,
    "19": 0.09762657433748245
  },
  "train_acc": {
    "0": 0.3541666666666667,
    "1": 0.4182692307692308,
    "2": 0.4407051282051282,
    "3": 0.5144230769230769,
    "4": 0.5753205128205128,
    "5": 0.6858974358974359,
    "6": 0.7628205128205128,
    "7": 0.8012820512820513,
    "8": 0.8493589743589743,
    "9": 0.9006410256410257,
    "10": 0.9166666666666666,
    "11": 0.9375,
    "12": 0.9631410256410257,
    "13": 0.969551282051282,
    "14": 0.9791666666666666,
    "15": 0.9727564102564102,
    "16": 0.9855769230769231,
    "17": 0.9935897435897436,
    "18": 0.9791666666666666,
    "19": 0.9839743589743589
  },
  "val_loss": {
    "0": 1.122428297996521,
    "1": 1.0883985757827759,
    "2": 1.0762999057769775,
    "3": 1.0376352071762085,
    "4": 0.9532183408737183,
    "5": 0.774406909942627,
    "6": 0.7446151375770569,
    "7": 0.7250882387161255,
    "8": 0.635332465171814,
    "9": 0.620607316493988,
    "10": 0.610988438129425,
    "11": 0.5592645406723022,
    "12": 0.5212768316268921,
    "13": 0.5944364666938782,
    "14": 0.5168295502662659,
    "15": 0.525469183921814,
    "16": 0.590766966342926,
    "17": 0.5684583783149719,
    "18": 0.6004921793937683,
    "19": 0.5779653191566467
  },
  "val_acc": {
    "0": 0.3248407643312102,
    "1": 0.3821656050955414,
    "2": 0.47770700636942676,
    "3": 0.49044585987261147,
    "4": 0.6050955414012739,
    "5": 0.7070063694267515,
    "6": 0.7388535031847133,
    "7": 0.7070063694267515,
    "8": 0.7388535031847133,
    "9": 0.7515923566878981,
    "10": 0.7961783439490446,
    "11": 0.8280254777070064,
    "12": 0.8280254777070064,
    "13": 0.8152866242038217,
    "14": 0.8089171974522293,
    "15": 0.821656050955414,
    "16": 0.821656050955414,
    "17": 0.8280254777070064,
    "18": 0.821656050955414,
    "19": 0.821656050955414
  }
}