{
  "train_loss": 1.1221511363983154,
  "train_acc": 0.3541666666666667,
  "val_loss": 1.122428297996521,
  "val_acc": 0.3248407643312102
}