{
  "train_loss": 0.05536148324608803,
  "train_acc": 0.9839743375778198,
  "val_loss": 0.7556051015853882,
  "val_acc": 0.8598726114649682
}