{
  "train_loss": {
    "0": 1.0376578569412231,
    "1": 0.5521689653396606,
    "2": 0.336081862449646,
    "3": 0.27893251180648804,
    "4": 0.23362788558006287,
    "5": 0.3087485730648041,
    "6": 0.3012049198150635,
    "7": 0.19302047789096832,
    "8": 0.11088724434375763,
    "9": 0.19379471242427826,
    "10": 0.15361878275871277,
    "11": 0.09854750335216522,
    "12": 0.05969935655593872,
    "13": 0.04725191369652748,
    "14": 0.038725998252630234,
    "15": 0.03192894160747528,
    "16": 0.05536148324608803,
    "17": 0.030636753886938095,
    "18": 0.019352681934833527,
    "19": 0.012667959555983543
  },
  "train_acc": {
    "0": 0.5096153616905212,
    "1": 0.7147436141967773,
    "2": 0.8044871687889099,
    "3": 0.870192289352417,
    "4": 0.8814102411270142,
    "5": 0.8653846383094788,
    "6": 0.8669871687889099,
    "7": 0.9038461446762085,
    "8": 0.9519230723381042,
    "9": 0.9535256624221802,
    "10": 0.932692289352417,
    "11": 0.9695512652397156,
    "12": 0.9695512652397156,
    "13": 0.9855769276618958,
    "14": 0.9823718070983887,
    "15": 0.9823718070983887,
    "16": 0.9839743375778198,
    "17": 0.9903846383094788,
    "18": 0.9935897588729858,
    "19": 1.0
  },
  "val_loss": {
    "0": 0.7234873175621033,
    "1": 0.6835736036300659,
    "2": 0.6676845550537109,
    "3": 0.7051497101783752,
    "4": 0.8500774502754211,
    "5": 0.6362497210502625,
    "6": 0.4287203848361969,
    "7": 0.49685993790626526,
    "8": 0.6508182287216187,
    "9": 0.6437197327613831,
    "10": 0.5739918947219849,
    "11": 0.5735655426979065,
    "12": 0.5928608179092407,
    "13": 0.5915268063545227,
    "14": 0.6029043197631836,
    "15": 0.6571442484855652,
    "16": 0.7556051015853882,
    "17": 0.7090910077095032,
    "18": 0.6478107571601868,
    "19": 0.6773209571838379
  },
  "val_acc": {
    "0": 0.5923566878980892,
    "1": 0.6815286624203821,
    "2": 0.7388535031847133,
    "3": 0.6815286624203821,
    "4": 0.7197452229299363,
    "5": 0.8152866242038217,
    "6": 0.7643312101910829,
    "7": 0.8343949044585988,
    "8": 0.8280254777070064,
    "9": 0.802547770700637,
    "10": 0.7898089171974523,
    "11": 0.7770700636942676,
    "12": 0.7961783439490446,
    "13": 0.8280254777070064,
    "14": 0.7961783439490446,
    "15": 0.8471337579617835,
    "16": 0.8598726114649682,
    "17": 0.8407643312101911,
    "18": 0.8407643312101911,
    "19": 0.8407643312101911
  }
}