{
  "train_loss": 0.024224357679486275,
  "train_acc": 0.9935897588729858,
  "val_loss": 0.6155846118927002,
  "val_acc": 0.8343949044585988
}