{
  "train_loss": {
    "0": 0.9971124529838562,
    "1": 0.5612576007843018,
    "2": 0.35124820470809937,
    "3": 0.2860969007015228,
    "4": 0.25075089931488037,
    "5": 0.2156141996383667,
    "6": 0.21788389980793,
    "7": 0.16589763760566711,
    "8": 0.14938735961914062,
    "9": 0.09597676247358322,
    "10": 0.11452408134937286,
    "11": 0.13543833792209625,
    "12": 0.07681904733181,
    "13": 0.040720999240875244,
    "14": 0.024224357679486275,
    "15": 0.03094673715531826,
    "16": 0.04160178452730179,
    "17": 0.01683727838099003,
    "18": 0.022943798452615738,
    "19": 0.0229498278349638
  },
  "train_acc": {
    "0": 0.48878204822540283,
    "1": 0.6955128312110901,
    "2": 0.8108974099159241,
    "3": 0.8541666865348816,
    "4": 0.875,
    "5": 0.9022436141967773,
    "6": 0.9166666865348816,
    "7": 0.9391025900840759,
    "8": 0.9262820482254028,
    "9": 0.9535256624221802,
    "10": 0.9583333134651184,
    "11": 0.9375,
    "12": 0.9567307829856873,
    "13": 0.9823718070983887,
    "14": 0.9935897588729858,
    "15": 0.9919871687889099,
    "16": 0.9871794581413269,
    "17": 0.9983974099159241,
    "18": 0.9903846383094788,
    "19": 0.995192289352417
  },
  "val_loss": {
    "0": 0.7962244749069214,
    "1": 0.5344956517219543,
    "2": 0.5853360891342163,
    "3": 0.5069715976715088,
    "4": 0.626373291015625,
    "5": 0.6511370539665222,
    "6": 0.7199954986572266,
    "7": 0.757886528968811,
    "8": 0.5338042378425598,
    "9": 0.562222421169281,
    "10": 0.7378085255622864,
    "11": 0.6119606494903564,
    "12": 0.5012245178222656,
    "13": 0.60394686460495,
    "14": 0.6155846118927002,
    "15": 0.5193759799003601,
    "16": 0.5181471109390259,
    "17": 0.5266774892807007,
    "18": 0.5208815932273865,
    "19": 0.5510506629943848
  },
  "val_acc": {
    "0": 0.643312101910828,
    "1": 0.7261146496815286,
    "2": 0.7261146496815286,
    "3": 0.7898089171974523,
    "4": 0.8152866242038217,
    "5": 0.7707006369426752,
    "6": 0.7452229299363057,
    "7": 0.8152866242038217,
    "8": 0.7707006369426752,
    "9": 0.8152866242038217,
    "10": 0.7452229299363057,
    "11": 0.7643312101910829,
    "12": 0.8089171974522293,
    "13": 0.8280254777070064,
    "14": 0.8343949044585988,
    "15": 0.821656050955414,
    "16": 0.8089171974522293,
    "17": 0.7961783439490446,
    "18": 0.7961783439490446,
    "19": 0.8089171974522293
  }
}