{
  "train_loss": 0.04035312309861183,
  "train_acc": 0.9943181872367859,
  "val_loss": 0.6152865886688232,
  "val_acc": 0.9230769230769231
}