{
  "train_loss": {
    "0": 1.1746976375579834,
    "1": 0.5183057188987732,
    "2": 0.3841139078140259,
    "3": 0.25545430183410645,
    "4": 0.25359228253364563,
    "5": 0.37487098574638367,
    "6": 0.3038133382797241,
    "7": 0.2738063335418701,
    "8": 0.22248923778533936,
    "9": 0.16857747733592987,
    "10": 0.10510009527206421,
    "11": 0.0852058008313179,
    "12": 0.0949491634964943,
    "13": 0.04035312309861183,
    "14": 0.02568214386701584,
    "15": 0.08248381316661835,
    "16": 0.024703791365027428,
    "17": 0.016274452209472656,
    "18": 0.02055284008383751,
    "19": 0.014762002043426037
  },
  "train_acc": {
    "0": 0.5656566023826599,
    "1": 0.8371211886405945,
    "2": 0.8787878751754761,
    "3": 0.9494949579238892,
    "4": 0.9337121248245239,
    "5": 0.9223484992980957,
    "6": 0.9305555820465088,
    "7": 0.939393937587738,
    "8": 0.9507575631141663,
    "9": 0.9488636255264282,
    "10": 0.9678030014038086,
    "11": 0.9829545617103577,
    "12": 0.9810606241226196,
    "13": 0.9943181872367859,
    "14": 0.9943181872367859,
    "15": 0.9810606241226196,
    "16": 0.9962121248245239,
    "17": 0.9962121248245239,
    "18": 0.9943181872367859,
    "19": 0.998106062412262
  },
  "val_loss": {
    "0": 1.180961012840271,
    "1": 0.5946667194366455,
    "2": 0.6751900911331177,
    "3": 1.5968791246414185,
    "4": 1.0073354244232178,
    "5": 0.5423346161842346,
    "6": 0.48170068860054016,
    "7": 0.49926838278770447,
    "8": 0.41870108246803284,
    "9": 0.37773215770721436,
    "10": 0.43674924969673157,
    "11": 0.4399062395095825,
    "12": 0.5455893278121948,
    "13": 0.6152865886688232,
    "14": 0.5135507583618164,
    "15": 0.4727962911128998,
    "16": 0.5728142857551575,
    "17": 0.6162264347076416,
    "18": 0.5241734385490417,
    "19": 0.6162031888961792
  },
  "val_acc": {
    "0": 0.46923076923076923,
    "1": 0.8307692307692308,
    "2": 0.7923076923076923,
    "3": 0.8307692307692308,
    "4": 0.8692307692307693,
    "5": 0.8846153846153846,
    "6": 0.8846153846153846,
    "7": 0.8615384615384616,
    "8": 0.8846153846153846,
    "9": 0.9,
    "10": 0.8846153846153846,
    "11": 0.9076923076923077,
    "12": 0.8846153846153846,
    "13": 0.9230769230769231,
    "14": 0.8769230769230769,
    "15": 0.9,
    "16": 0.8769230769230769,
    "17": 0.8769230769230769,
    "18": 0.8846153846153846,
    "19": 0.8692307692307693
  }
}