{
  "train_loss": {
    "0": 0.28105130791664124,
    "1": 0.14809708297252655,
    "2": 0.0814589411020279,
    "3": 0.05766355246305466,
    "4": 0.09558617323637009,
    "5": 0.10479863733053207,
    "6": 0.06719210743904114,
    "7": 0.040082018822431564,
    "8": 0.04216919466853142,
    "9": 0.06811647862195969,
    "10": 0.022594263777136803,
    "11": 0.015700718387961388,
    "12": 0.0445890873670578,
    "13": 0.05314831808209419,
    "14": 0.04408842697739601,
    "15": 0.027599487453699112,
    "16": 0.013931425288319588,
    "17": 0.015862425789237022,
    "18": 0.010569383390247822,
    "19": 0.011961954645812511
  },
  "train_acc": {
    "0": 0.7083333134651184,
    "1": 0.8557692170143127,
    "2": 0.9407051205635071,
    "3": 0.942307710647583,
    "4": 0.9198718070983887,
    "5": 0.9214743375778198,
    "6": 0.942307710647583,
    "7": 0.9631410241127014,
    "8": 0.9695512652397156,
    "9": 0.9391025900840759,
    "10": 0.9919871687889099,
    "11": 0.9887820482254028,
    "12": 0.9647436141967773,
    "13": 0.9647436141967773,
    "14": 0.9775640964508057,
    "15": 0.9839743375778198,
    "16": 0.9935897588729858,
    "17": 0.9855769276618958,
    "18": 0.9967948794364929,
    "19": 0.9887820482254028
  },
  "val_loss": {
    "0": 0.3223434388637543,
    "1": 0.21315984427928925,
    "2": 0.14881978929042816,
    "3": 0.18169523775577545,
    "4": 0.32635417580604553,
    "5": 0.14330574870109558,
    "6": 0.11330817639827728,
    "7": 0.11310555785894394,
    "8": 0.1609165519475937,
    "9": 0.14215391874313354,
    "10": 0.09499502927064896,
    "11": 0.10184184461832047,
    "12": 0.1674976497888565,
    "13": 0.1415470689535141,
    "14": 0.28039392828941345,
    "15": 0.12493520975112915,
    "16": 0.12183046340942383,
    "17": 0.12117304652929306,
    "18": 0.13156583905220032,
    "19": 0.12942662835121155
  },
  "val_acc": {
    "0": 0.8280254777070064,
    "1": 0.89171974522293,
    "2": 0.9044585987261147,
    "3": 0.89171974522293,
    "4": 0.8853503184713376,
    "5": 0.910828025477707,
    "6": 0.9044585987261147,
    "7": 0.9490445859872612,
    "8": 0.8280254777070064,
    "9": 0.8343949044585988,
    "10": 0.910828025477707,
    "11": 0.9171974522292994,
    "12": 0.910828025477707,
    "13": 0.8343949044585988,
    "14": 0.9363057324840764,
    "15": 0.9171974522292994,
    "16": 0.9363057324840764,
    "17": 0.9363057324840764,
    "18": 0.9235668789808917,
    "19": 0.9363057324840764
  }
}