{
  "train_loss": 0.040082018822431564,
  "train_acc": 0.9631410241127014,
  "val_loss": 0.11310555785894394,
  "val_acc": 0.9490445859872612
}